episode,metric,N,K,Q,top1,top3,ts
0,cosine,5,5,10,0.3999999761581421,0.7999999523162842,1762981323
0,euclidean,5,5,10,0.19999998807907104,0.3999999761581421,1762981323
1,cosine,5,5,10,0.19999998807907104,0.19999998807907104,1762981324
1,euclidean,5,5,10,0.19999998807907104,0.3999999761581421,1762981324
2,cosine,5,5,10,0.3999999761581421,0.3999999761581421,1762981324
2,euclidean,5,5,10,0.3999999761581421,1.0,1762981324
3,cosine,5,5,10,0.19999998807907104,0.7999999523162842,1762981324
3,euclidean,5,5,10,0.0,0.19999998807907104,1762981325
4,cosine,5,5,10,0.0,0.19999998807907104,1762981325
4,euclidean,5,5,10,0.3999999761581421,0.7999999523162842,1762981325
5,cosine,5,5,10,0.19999998807907104,0.3999999761581421,1762981325
5,euclidean,5,5,10,0.3999999761581421,0.5999999642372131,1762981325
6,cosine,5,5,10,0.19999998807907104,0.19999998807907104,1762981325
6,euclidean,5,5,10,0.19999998807907104,1.0,1762981325
7,cosine,5,5,10,0.19999998807907104,0.7999999523162842,1762981325
7,euclidean,5,5,10,0.19999998807907104,0.3999999761581421,1762981325
8,cosine,5,5,10,0.3999999761581421,0.3999999761581421,1762981325
8,euclidean,5,5,10,0.3999999761581421,0.5999999642372131,1762981325
9,cosine,5,5,10,0.3999999761581421,0.7999999523162842,1762981325
9,euclidean,5,5,10,0.3999999761581421,0.3999999761581421,1762981325
10,cosine,5,5,10,0.19999998807907104,0.3999999761581421,1762981325
10,euclidean,5,5,10,0.3999999761581421,0.3999999761581421,1762981325
11,cosine,5,5,10,0.3999999761581421,0.3999999761581421,1762981325
11,euclidean,5,5,10,0.19999998807907104,0.5999999642372131,1762981325
12,cosine,5,5,10,0.19999998807907104,0.5999999642372131,1762981325
12,euclidean,5,5,10,0.19999998807907104,0.19999998807907104,1762981325
13,cosine,5,5,10,0.19999998807907104,0.5999999642372131,1762981325
13,euclidean,5,5,10,0.3999999761581421,0.3999999761581421,1762981325
14,cosine,5,5,10,0.19999998807907104,0.19999998807907104,1762981325
14,euclidean,5,5,10,0.19999998807907104,0.7999999523162842,1762981325
15,cosine,5,5,10,0.3999999761581421,0.5999999642372131,1762981325
15,euclidean,5,5,10,0.19999998807907104,0.19999998807907104,1762981325
16,cosine,5,5,10,0.19999998807907104,0.19999998807907104,1762981326
16,euclidean,5,5,10,0.19999998807907104,0.5999999642372131,1762981326
17,cosine,5,5,10,0.0,0.0,1762981326
17,euclidean,5,5,10,0.3999999761581421,0.3999999761581421,1762981326
18,cosine,5,5,10,0.0,0.5999999642372131,1762981326
18,euclidean,5,5,10,0.0,0.5999999642372131,1762981326
19,cosine,5,5,10,0.3999999761581421,0.5999999642372131,1762981326
19,euclidean,5,5,10,0.19999998807907104,0.19999998807907104,1762981326
20,cosine,5,5,10,0.3999999761581421,0.5999999642372131,1762981326
20,euclidean,5,5,10,0.19999998807907104,0.3999999761581421,1762981326
21,cosine,5,5,10,0.19999998807907104,0.19999998807907104,1762981326
21,euclidean,5,5,10,0.3999999761581421,0.7999999523162842,1762981326
22,cosine,5,5,10,0.19999998807907104,0.3999999761581421,1762981326
22,euclidean,5,5,10,0.19999998807907104,0.5999999642372131,1762981326
23,cosine,5,5,10,0.3999999761581421,0.7999999523162842,1762981326
23,euclidean,5,5,10,0.19999998807907104,0.5999999642372131,1762981326
24,cosine,5,5,10,0.19999998807907104,0.5999999642372131,1762981326
24,euclidean,5,5,10,0.0,0.7999999523162842,1762981326
25,cosine,5,5,10,0.3999999761581421,0.5999999642372131,1762981326
25,euclidean,5,5,10,0.19999998807907104,0.19999998807907104,1762981326
26,cosine,5,5,10,0.19999998807907104,0.7999999523162842,1762981326
26,euclidean,5,5,10,0.19999998807907104,0.19999998807907104,1762981326
27,cosine,5,5,10,0.19999998807907104,0.5999999642372131,1762981326
27,euclidean,5,5,10,0.0,0.19999998807907104,1762981326
28,cosine,5,5,10,0.19999998807907104,0.3999999761581421,1762981326
28,euclidean,5,5,10,0.3999999761581421,0.7999999523162842,1762981326
29,cosine,5,5,10,0.19999998807907104,0.19999998807907104,1762981326
29,euclidean,5,5,10,0.19999998807907104,0.5999999642372131,1762981326
30,cosine,5,5,10,0.19999998807907104,0.19999998807907104,1762981326
30,euclidean,5,5,10,0.19999998807907104,0.7999999523162842,1762981326
31,cosine,5,5,10,0.19999998807907104,0.5999999642372131,1762981326
31,euclidean,5,5,10,0.0,0.3999999761581421,1762981327
32,cosine,5,5,10,0.0,0.3999999761581421,1762981327
32,euclidean,5,5,10,0.0,0.0,1762981327
33,cosine,5,5,10,0.3999999761581421,0.7999999523162842,1762981327
33,euclidean,5,5,10,0.19999998807907104,0.5999999642372131,1762981327
34,cosine,5,5,10,0.0,0.5999999642372131,1762981327
34,euclidean,5,5,10,0.3999999761581421,0.5999999642372131,1762981327
35,cosine,5,5,10,0.19999998807907104,0.3999999761581421,1762981327
35,euclidean,5,5,10,0.19999998807907104,0.3999999761581421,1762981327
36,cosine,5,5,10,0.19999998807907104,0.3999999761581421,1762981327
36,euclidean,5,5,10,0.19999998807907104,0.5999999642372131,1762981327
37,cosine,5,5,10,0.3999999761581421,0.7999999523162842,1762981327
37,euclidean,5,5,10,0.3999999761581421,0.7999999523162842,1762981327
38,cosine,5,5,10,0.3999999761581421,0.3999999761581421,1762981327
38,euclidean,5,5,10,0.19999998807907104,0.5999999642372131,1762981327
39,cosine,5,5,10,0.19999998807907104,0.19999998807907104,1762981327
39,euclidean,5,5,10,0.19999998807907104,0.5999999642372131,1762981327
40,cosine,5,5,10,0.3999999761581421,0.7999999523162842,1762981327
40,euclidean,5,5,10,0.19999998807907104,0.19999998807907104,1762981327
41,cosine,5,5,10,0.0,0.7999999523162842,1762981327
41,euclidean,5,5,10,0.19999998807907104,0.5999999642372131,1762981327
42,cosine,5,5,10,0.3999999761581421,0.5999999642372131,1762981327
42,euclidean,5,5,10,0.19999998807907104,0.3999999761581421,1762981327
43,cosine,5,5,10,0.19999998807907104,0.5999999642372131,1762981327
43,euclidean,5,5,10,0.3999999761581421,0.5999999642372131,1762981328
44,cosine,5,5,10,0.19999998807907104,0.19999998807907104,1762981328
44,euclidean,5,5,10,0.19999998807907104,0.7999999523162842,1762981328
45,cosine,5,5,10,0.3999999761581421,0.7999999523162842,1762981328
45,euclidean,5,5,10,0.3999999761581421,0.5999999642372131,1762981328
46,cosine,5,5,10,0.19999998807907104,0.3999999761581421,1762981328
46,euclidean,5,5,10,0.3999999761581421,1.0,1762981328
47,cosine,5,5,10,0.3999999761581421,0.5999999642372131,1762981328
47,euclidean,5,5,10,0.19999998807907104,0.19999998807907104,1762981328
48,cosine,5,5,10,0.19999998807907104,0.19999998807907104,1762981328
48,euclidean,5,5,10,0.3999999761581421,0.7999999523162842,1762981328
49,cosine,5,5,10,0.3999999761581421,0.5999999642372131,1762981328
49,euclidean,5,5,10,0.19999998807907104,0.7999999523162842,1762981328
50,cosine,5,5,10,0.19999998807907104,0.7999999523162842,1762981328
50,euclidean,5,5,10,0.3999999761581421,0.5999999642372131,1762981328
51,cosine,5,5,10,0.19999998807907104,0.7999999523162842,1762981328
51,euclidean,5,5,10,0.3999999761581421,0.5999999642372131,1762981328
52,cosine,5,5,10,0.19999998807907104,0.5999999642372131,1762981328
52,euclidean,5,5,10,0.3999999761581421,0.5999999642372131,1762981328
53,cosine,5,5,10,0.19999998807907104,0.19999998807907104,1762981328
53,euclidean,5,5,10,0.3999999761581421,0.5999999642372131,1762981328
54,cosine,5,5,10,0.19999998807907104,0.19999998807907104,1762981328
54,euclidean,5,5,10,0.19999998807907104,0.19999998807907104,1762981328
55,cosine,5,5,10,0.3999999761581421,0.5999999642372131,1762981328
55,euclidean,5,5,10,0.3999999761581421,0.5999999642372131,1762981328
56,cosine,5,5,10,0.19999998807907104,0.5999999642372131,1762981328
56,euclidean,5,5,10,0.19999998807907104,0.19999998807907104,1762981328
57,cosine,5,5,10,0.19999998807907104,0.19999998807907104,1762981328
57,euclidean,5,5,10,0.3999999761581421,0.5999999642372131,1762981328
58,cosine,5,5,10,0.19999998807907104,0.3999999761581421,1762981328
58,euclidean,5,5,10,0.19999998807907104,0.5999999642372131,1762981329
59,cosine,5,5,10,0.3999999761581421,0.7999999523162842,1762981329
59,euclidean,5,5,10,0.19999998807907104,0.19999998807907104,1762981329
60,cosine,5,5,10,0.19999998807907104,0.5999999642372131,1762981329
60,euclidean,5,5,10,0.0,0.3999999761581421,1762981329
61,cosine,5,5,10,0.0,0.3999999761581421,1762981329
61,euclidean,5,5,10,0.19999998807907104,0.3999999761581421,1762981329
62,cosine,5,5,10,0.19999998807907104,0.5999999642372131,1762981329
62,euclidean,5,5,10,0.3999999761581421,1.0,1762981329
63,cosine,5,5,10,0.19999998807907104,0.5999999642372131,1762981329
63,euclidean,5,5,10,0.19999998807907104,0.5999999642372131,1762981329
64,cosine,5,5,10,0.3999999761581421,0.3999999761581421,1762981329
64,euclidean,5,5,10,0.3999999761581421,0.5999999642372131,1762981329
65,cosine,5,5,10,0.19999998807907104,0.3999999761581421,1762981329
65,euclidean,5,5,10,0.19999998807907104,0.3999999761581421,1762981329
66,cosine,5,5,10,0.19999998807907104,0.5999999642372131,1762981329
66,euclidean,5,5,10,0.19999998807907104,0.19999998807907104,1762981329
67,cosine,5,5,10,0.19999998807907104,0.5999999642372131,1762981329
67,euclidean,5,5,10,0.3999999761581421,0.5999999642372131,1762981329
68,cosine,5,5,10,0.19999998807907104,0.5999999642372131,1762981329
68,euclidean,5,5,10,0.3999999761581421,0.7999999523162842,1762981329
69,cosine,5,5,10,0.0,0.3999999761581421,1762981329
69,euclidean,5,5,10,0.19999998807907104,0.19999998807907104,1762981329
70,cosine,5,5,10,0.0,0.5999999642372131,1762981329
70,euclidean,5,5,10,0.19999998807907104,0.19999998807907104,1762981329
71,cosine,5,5,10,0.19999998807907104,0.5999999642372131,1762981329
71,euclidean,5,5,10,0.19999998807907104,0.7999999523162842,1762981329
72,cosine,5,5,10,0.0,0.3999999761581421,1762981329
72,euclidean,5,5,10,0.19999998807907104,0.5999999642372131,1762981329
73,cosine,5,5,10,0.19999998807907104,0.5999999642372131,1762981330
73,euclidean,5,5,10,0.3999999761581421,0.5999999642372131,1762981330
74,cosine,5,5,10,0.3999999761581421,0.7999999523162842,1762981330
74,euclidean,5,5,10,0.0,0.3999999761581421,1762981330
75,cosine,5,5,10,0.3999999761581421,0.7999999523162842,1762981330
75,euclidean,5,5,10,0.19999998807907104,0.5999999642372131,1762981330
76,cosine,5,5,10,0.0,0.5999999642372131,1762981330
76,euclidean,5,5,10,0.19999998807907104,0.19999998807907104,1762981330
77,cosine,5,5,10,0.3999999761581421,0.5999999642372131,1762981330
77,euclidean,5,5,10,0.3999999761581421,0.3999999761581421,1762981330
78,cosine,5,5,10,0.3999999761581421,0.5999999642372131,1762981330
78,euclidean,5,5,10,0.19999998807907104,0.19999998807907104,1762981330
79,cosine,5,5,10,0.0,0.3999999761581421,1762981330
79,euclidean,5,5,10,0.3999999761581421,0.3999999761581421,1762981330
80,cosine,5,5,10,0.0,0.3999999761581421,1762981330
80,euclidean,5,5,10,0.19999998807907104,0.19999998807907104,1762981330
81,cosine,5,5,10,0.19999998807907104,0.3999999761581421,1762981330
81,euclidean,5,5,10,0.19999998807907104,0.3999999761581421,1762981330
82,cosine,5,5,10,0.3999999761581421,0.3999999761581421,1762981330
82,euclidean,5,5,10,0.3999999761581421,0.5999999642372131,1762981330
83,cosine,5,5,10,0.0,0.5999999642372131,1762981330
83,euclidean,5,5,10,0.19999998807907104,0.5999999642372131,1762981330
84,cosine,5,5,10,0.19999998807907104,0.7999999523162842,1762981330
84,euclidean,5,5,10,0.19999998807907104,0.3999999761581421,1762981330
85,cosine,5,5,10,0.19999998807907104,0.5999999642372131,1762981330
85,euclidean,5,5,10,0.19999998807907104,0.5999999642372131,1762981330
86,cosine,5,5,10,0.19999998807907104,0.19999998807907104,1762981330
86,euclidean,5,5,10,0.3999999761581421,0.7999999523162842,1762981330
87,cosine,5,5,10,0.19999998807907104,0.3999999761581421,1762981330
87,euclidean,5,5,10,0.19999998807907104,0.5999999642372131,1762981330
88,cosine,5,5,10,0.3999999761581421,0.7999999523162842,1762981330
88,euclidean,5,5,10,0.3999999761581421,0.5999999642372131,1762981330
89,cosine,5,5,10,0.0,0.5999999642372131,1762981330
89,euclidean,5,5,10,0.3999999761581421,1.0,1762981331
90,cosine,5,5,10,0.19999998807907104,0.5999999642372131,1762981331
90,euclidean,5,5,10,0.19999998807907104,0.5999999642372131,1762981331
91,cosine,5,5,10,0.3999999761581421,0.5999999642372131,1762981331
91,euclidean,5,5,10,0.3999999761581421,0.5999999642372131,1762981331
92,cosine,5,5,10,0.0,0.19999998807907104,1762981331
92,euclidean,5,5,10,0.19999998807907104,0.5999999642372131,1762981331
93,cosine,5,5,10,0.19999998807907104,0.5999999642372131,1762981331
93,euclidean,5,5,10,0.19999998807907104,0.3999999761581421,1762981331
94,cosine,5,5,10,0.19999998807907104,0.19999998807907104,1762981331
94,euclidean,5,5,10,0.19999998807907104,0.3999999761581421,1762981331
95,cosine,5,5,10,0.19999998807907104,0.5999999642372131,1762981331
95,euclidean,5,5,10,0.3999999761581421,0.5999999642372131,1762981331
96,cosine,5,5,10,0.19999998807907104,0.5999999642372131,1762981331
96,euclidean,5,5,10,0.19999998807907104,0.5999999642372131,1762981331
97,cosine,5,5,10,0.3999999761581421,0.7999999523162842,1762981331
97,euclidean,5,5,10,0.19999998807907104,0.19999998807907104,1762981331
98,cosine,5,5,10,0.3999999761581421,0.3999999761581421,1762981331
98,euclidean,5,5,10,0.0,0.5999999642372131,1762981331
99,cosine,5,5,10,0.19999998807907104,0.19999998807907104,1762981331
99,euclidean,5,5,10,0.3999999761581421,0.7999999523162842,1762981331
100,cosine,5,5,10,0.0,0.19999998807907104,1762981331
100,euclidean,5,5,10,0.3999999761581421,0.7999999523162842,1762981331
101,cosine,5,5,10,0.19999998807907104,0.5999999642372131,1762981331
101,euclidean,5,5,10,0.0,0.7999999523162842,1762981331
102,cosine,5,5,10,0.3999999761581421,0.5999999642372131,1762981331
102,euclidean,5,5,10,0.19999998807907104,0.5999999642372131,1762981331
103,cosine,5,5,10,0.19999998807907104,0.19999998807907104,1762981331
103,euclidean,5,5,10,0.3999999761581421,0.7999999523162842,1762981331
104,cosine,5,5,10,0.0,0.5999999642372131,1762981331
104,euclidean,5,5,10,0.3999999761581421,0.7999999523162842,1762981331
105,cosine,5,5,10,0.3999999761581421,0.7999999523162842,1762981331
105,euclidean,5,5,10,0.19999998807907104,0.5999999642372131,1762981331
106,cosine,5,5,10,0.3999999761581421,0.5999999642372131,1762981332
106,euclidean,5,5,10,0.19999998807907104,0.3999999761581421,1762981332
107,cosine,5,5,10,0.0,0.3999999761581421,1762981332
107,euclidean,5,5,10,0.0,0.5999999642372131,1762981332
108,cosine,5,5,10,0.0,0.5999999642372131,1762981332
108,euclidean,5,5,10,0.3999999761581421,0.3999999761581421,1762981332
109,cosine,5,5,10,0.19999998807907104,0.7999999523162842,1762981332
109,euclidean,5,5,10,0.0,0.3999999761581421,1762981332
110,cosine,5,5,10,0.3999999761581421,0.5999999642372131,1762981332
110,euclidean,5,5,10,0.19999998807907104,0.5999999642372131,1762981332
111,cosine,5,5,10,0.3999999761581421,0.3999999761581421,1762981332
111,euclidean,5,5,10,0.19999998807907104,1.0,1762981332
112,cosine,5,5,10,0.19999998807907104,0.5999999642372131,1762981332
112,euclidean,5,5,10,0.3999999761581421,1.0,1762981332
113,cosine,5,5,10,0.0,0.5999999642372131,1762981332
113,euclidean,5,5,10,0.19999998807907104,0.19999998807907104,1762981332
114,cosine,5,5,10,0.19999998807907104,0.5999999642372131,1762981332
114,euclidean,5,5,10,0.19999998807907104,0.3999999761581421,1762981332
115,cosine,5,5,10,0.19999998807907104,0.5999999642372131,1762981332
115,euclidean,5,5,10,0.3999999761581421,0.7999999523162842,1762981332
116,cosine,5,5,10,0.0,0.5999999642372131,1762981332
116,euclidean,5,5,10,0.3999999761581421,0.3999999761581421,1762981332
117,cosine,5,5,10,0.0,0.7999999523162842,1762981332
117,euclidean,5,5,10,0.19999998807907104,0.5999999642372131,1762981332
118,cosine,5,5,10,0.19999998807907104,0.19999998807907104,1762981332
118,euclidean,5,5,10,0.19999998807907104,0.3999999761581421,1762981332
119,cosine,5,5,10,0.19999998807907104,0.3999999761581421,1762981332
119,euclidean,5,5,10,0.0,0.3999999761581421,1762981332
120,cosine,5,5,10,0.19999998807907104,0.3999999761581421,1762981332
120,euclidean,5,5,10,0.0,0.5999999642372131,1762981333
121,cosine,5,5,10,0.19999998807907104,0.19999998807907104,1762981333
121,euclidean,5,5,10,0.19999998807907104,0.19999998807907104,1762981333
122,cosine,5,5,10,0.19999998807907104,0.5999999642372131,1762981333
122,euclidean,5,5,10,0.3999999761581421,0.7999999523162842,1762981333
123,cosine,5,5,10,0.0,0.19999998807907104,1762981333
123,euclidean,5,5,10,0.19999998807907104,0.19999998807907104,1762981333
124,cosine,5,5,10,0.3999999761581421,0.5999999642372131,1762981333
124,euclidean,5,5,10,0.3999999761581421,0.3999999761581421,1762981333
125,cosine,5,5,10,0.3999999761581421,1.0,1762981333
125,euclidean,5,5,10,0.3999999761581421,0.5999999642372131,1762981333
126,cosine,5,5,10,0.19999998807907104,0.19999998807907104,1762981333
126,euclidean,5,5,10,0.19999998807907104,0.19999998807907104,1762981333
127,cosine,5,5,10,0.19999998807907104,0.7999999523162842,1762981333
127,euclidean,5,5,10,0.19999998807907104,0.3999999761581421,1762981333
128,cosine,5,5,10,0.19999998807907104,0.3999999761581421,1762981333
128,euclidean,5,5,10,0.19999998807907104,0.3999999761581421,1762981333
129,cosine,5,5,10,0.19999998807907104,0.3999999761581421,1762981333
129,euclidean,5,5,10,0.19999998807907104,0.7999999523162842,1762981333
130,cosine,5,5,10,0.0,0.3999999761581421,1762981333
130,euclidean,5,5,10,0.3999999761581421,0.5999999642372131,1762981333
131,cosine,5,5,10,0.3999999761581421,0.7999999523162842,1762981333
131,euclidean,5,5,10,0.19999998807907104,0.3999999761581421,1762981333
132,cosine,5,5,10,0.19999998807907104,0.5999999642372131,1762981333
132,euclidean,5,5,10,0.19999998807907104,0.3999999761581421,1762981333
133,cosine,5,5,10,0.3999999761581421,0.7999999523162842,1762981333
133,euclidean,5,5,10,0.19999998807907104,0.3999999761581421,1762981333
134,cosine,5,5,10,0.0,0.5999999642372131,1762981333
134,euclidean,5,5,10,0.3999999761581421,0.5999999642372131,1762981333
135,cosine,5,5,10,0.3999999761581421,0.5999999642372131,1762981333
135,euclidean,5,5,10,0.19999998807907104,0.19999998807907104,1762981333
136,cosine,5,5,10,0.0,0.3999999761581421,1762981333
136,euclidean,5,5,10,0.19999998807907104,0.5999999642372131,1762981334
137,cosine,5,5,10,0.0,0.5999999642372131,1762981334
137,euclidean,5,5,10,0.3999999761581421,0.7999999523162842,1762981334
138,cosine,5,5,10,0.3999999761581421,0.5999999642372131,1762981334
138,euclidean,5,5,10,0.3999999761581421,0.5999999642372131,1762981334
139,cosine,5,5,10,0.19999998807907104,0.19999998807907104,1762981334
139,euclidean,5,5,10,0.19999998807907104,0.5999999642372131,1762981334
140,cosine,5,5,10,0.3999999761581421,1.0,1762981334
140,euclidean,5,5,10,0.3999999761581421,0.7999999523162842,1762981334
141,cosine,5,5,10,0.3999999761581421,1.0,1762981334
141,euclidean,5,5,10,0.0,0.5999999642372131,1762981334
142,cosine,5,5,10,0.19999998807907104,0.3999999761581421,1762981334
142,euclidean,5,5,10,0.19999998807907104,0.19999998807907104,1762981334
143,cosine,5,5,10,0.0,0.3999999761581421,1762981334
143,euclidean,5,5,10,0.19999998807907104,0.19999998807907104,1762981334
144,cosine,5,5,10,0.0,0.5999999642372131,1762981334
144,euclidean,5,5,10,0.0,0.5999999642372131,1762981334
145,cosine,5,5,10,0.19999998807907104,0.3999999761581421,1762981334
145,euclidean,5,5,10,0.0,0.5999999642372131,1762981334
146,cosine,5,5,10,0.19999998807907104,0.5999999642372131,1762981334
146,euclidean,5,5,10,0.19999998807907104,0.19999998807907104,1762981334
147,cosine,5,5,10,0.0,0.3999999761581421,1762981334
147,euclidean,5,5,10,0.19999998807907104,0.3999999761581421,1762981334
148,cosine,5,5,10,0.19999998807907104,0.7999999523162842,1762981334
148,euclidean,5,5,10,0.19999998807907104,0.3999999761581421,1762981334
149,cosine,5,5,10,0.0,0.5999999642372131,1762981334
149,euclidean,5,5,10,0.19999998807907104,0.5999999642372131,1762981334
150,cosine,5,5,10,0.3999999761581421,0.5999999642372131,1762981334
150,euclidean,5,5,10,0.19999998807907104,0.19999998807907104,1762981334
151,cosine,5,5,10,0.19999998807907104,0.19999998807907104,1762981334
151,euclidean,5,5,10,0.0,0.5999999642372131,1762981334
152,cosine,5,5,10,0.19999998807907104,0.5999999642372131,1762981334
152,euclidean,5,5,10,0.3999999761581421,0.5999999642372131,1762981334
153,cosine,5,5,10,0.19999998807907104,0.3999999761581421,1762981335
153,euclidean,5,5,10,0.3999999761581421,0.7999999523162842,1762981335
154,cosine,5,5,10,0.3999999761581421,0.3999999761581421,1762981335
154,euclidean,5,5,10,0.3999999761581421,0.5999999642372131,1762981335
155,cosine,5,5,10,0.3999999761581421,0.7999999523162842,1762981335
155,euclidean,5,5,10,0.19999998807907104,0.19999998807907104,1762981335
156,cosine,5,5,10,0.19999998807907104,0.5999999642372131,1762981335
156,euclidean,5,5,10,0.19999998807907104,0.7999999523162842,1762981335
157,cosine,5,5,10,0.19999998807907104,0.5999999642372131,1762981335
157,euclidean,5,5,10,0.3999999761581421,0.5999999642372131,1762981335
158,cosine,5,5,10,0.19999998807907104,0.5999999642372131,1762981335
158,euclidean,5,5,10,0.3999999761581421,0.7999999523162842,1762981335
159,cosine,5,5,10,0.19999998807907104,0.5999999642372131,1762981335
159,euclidean,5,5,10,0.3999999761581421,0.7999999523162842,1762981335
160,cosine,5,5,10,0.19999998807907104,0.5999999642372131,1762981335
160,euclidean,5,5,10,0.19999998807907104,0.19999998807907104,1762981335
161,cosine,5,5,10,0.19999998807907104,0.5999999642372131,1762981335
161,euclidean,5,5,10,0.19999998807907104,0.3999999761581421,1762981335
162,cosine,5,5,10,0.19999998807907104,0.5999999642372131,1762981335
162,euclidean,5,5,10,0.19999998807907104,0.19999998807907104,1762981335
163,cosine,5,5,10,0.19999998807907104,0.5999999642372131,1762981335
163,euclidean,5,5,10,0.3999999761581421,0.5999999642372131,1762981335
164,cosine,5,5,10,0.19999998807907104,0.3999999761581421,1762981335
164,euclidean,5,5,10,0.3999999761581421,0.7999999523162842,1762981335
165,cosine,5,5,10,0.3999999761581421,0.7999999523162842,1762981335
165,euclidean,5,5,10,0.3999999761581421,0.7999999523162842,1762981335
166,cosine,5,5,10,0.0,0.3999999761581421,1762981335
166,euclidean,5,5,10,0.19999998807907104,0.19999998807907104,1762981335
167,cosine,5,5,10,0.3999999761581421,0.7999999523162842,1762981335
167,euclidean,5,5,10,0.19999998807907104,0.3999999761581421,1762981335
168,cosine,5,5,10,0.19999998807907104,0.19999998807907104,1762981335
168,euclidean,5,5,10,0.19999998807907104,0.3999999761581421,1762981336
169,cosine,5,5,10,0.0,0.5999999642372131,1762981336
169,euclidean,5,5,10,0.3999999761581421,0.7999999523162842,1762981336
170,cosine,5,5,10,0.19999998807907104,0.19999998807907104,1762981336
170,euclidean,5,5,10,0.3999999761581421,0.7999999523162842,1762981336
171,cosine,5,5,10,0.19999998807907104,0.7999999523162842,1762981336
171,euclidean,5,5,10,0.0,0.5999999642372131,1762981336
172,cosine,5,5,10,0.19999998807907104,0.5999999642372131,1762981336
172,euclidean,5,5,10,0.0,0.5999999642372131,1762981336
173,cosine,5,5,10,0.19999998807907104,0.19999998807907104,1762981336
173,euclidean,5,5,10,0.19999998807907104,0.19999998807907104,1762981336
174,cosine,5,5,10,0.0,0.3999999761581421,1762981336
174,euclidean,5,5,10,0.19999998807907104,0.19999998807907104,1762981336
175,cosine,5,5,10,0.3999999761581421,0.5999999642372131,1762981336
175,euclidean,5,5,10,0.19999998807907104,0.19999998807907104,1762981336
176,cosine,5,5,10,0.3999999761581421,0.5999999642372131,1762981336
176,euclidean,5,5,10,0.19999998807907104,0.3999999761581421,1762981336
177,cosine,5,5,10,0.19999998807907104,0.5999999642372131,1762981336
177,euclidean,5,5,10,0.0,0.5999999642372131,1762981336
178,cosine,5,5,10,0.19999998807907104,0.19999998807907104,1762981336
178,euclidean,5,5,10,0.0,0.3999999761581421,1762981336
179,cosine,5,5,10,0.3999999761581421,0.5999999642372131,1762981336
179,euclidean,5,5,10,0.19999998807907104,0.3999999761581421,1762981336
180,cosine,5,5,10,0.19999998807907104,0.19999998807907104,1762981336
180,euclidean,5,5,10,0.0,0.3999999761581421,1762981336
181,cosine,5,5,10,0.19999998807907104,0.19999998807907104,1762981336
181,euclidean,5,5,10,0.0,0.3999999761581421,1762981336
182,cosine,5,5,10,0.19999998807907104,0.5999999642372131,1762981336
182,euclidean,5,5,10,0.19999998807907104,0.19999998807907104,1762981336
183,cosine,5,5,10,0.3999999761581421,0.7999999523162842,1762981336
183,euclidean,5,5,10,0.19999998807907104,0.19999998807907104,1762981336
184,cosine,5,5,10,0.0,0.3999999761581421,1762981336
184,euclidean,5,5,10,0.3999999761581421,0.3999999761581421,1762981336
185,cosine,5,5,10,0.19999998807907104,0.19999998807907104,1762981336
185,euclidean,5,5,10,0.0,0.19999998807907104,1762981337
186,cosine,5,5,10,0.0,0.3999999761581421,1762981337
186,euclidean,5,5,10,0.3999999761581421,0.5999999642372131,1762981337
187,cosine,5,5,10,0.19999998807907104,0.7999999523162842,1762981337
187,euclidean,5,5,10,0.19999998807907104,0.5999999642372131,1762981337
188,cosine,5,5,10,0.0,0.19999998807907104,1762981337
188,euclidean,5,5,10,0.3999999761581421,0.7999999523162842,1762981337
189,cosine,5,5,10,0.19999998807907104,0.5999999642372131,1762981337
189,euclidean,5,5,10,0.3999999761581421,0.7999999523162842,1762981337
190,cosine,5,5,10,0.3999999761581421,0.7999999523162842,1762981337
190,euclidean,5,5,10,0.3999999761581421,0.7999999523162842,1762981337
191,cosine,5,5,10,0.19999998807907104,0.5999999642372131,1762981337
191,euclidean,5,5,10,0.0,0.3999999761581421,1762981337
192,cosine,5,5,10,0.3999999761581421,0.5999999642372131,1762981337
192,euclidean,5,5,10,0.19999998807907104,0.3999999761581421,1762981337
193,cosine,5,5,10,0.19999998807907104,0.3999999761581421,1762981337
193,euclidean,5,5,10,0.3999999761581421,0.3999999761581421,1762981337
194,cosine,5,5,10,0.0,0.3999999761581421,1762981337
194,euclidean,5,5,10,0.3999999761581421,0.7999999523162842,1762981337
195,cosine,5,5,10,0.19999998807907104,0.19999998807907104,1762981337
195,euclidean,5,5,10,0.3999999761581421,0.5999999642372131,1762981337
196,cosine,5,5,10,0.3999999761581421,0.5999999642372131,1762981337
196,euclidean,5,5,10,0.3999999761581421,0.7999999523162842,1762981337
197,cosine,5,5,10,0.19999998807907104,0.19999998807907104,1762981337
197,euclidean,5,5,10,0.3999999761581421,0.3999999761581421,1762981337
198,cosine,5,5,10,0.0,0.5999999642372131,1762981337
198,euclidean,5,5,10,0.19999998807907104,0.5999999642372131,1762981337
199,cosine,5,5,10,0.19999998807907104,0.5999999642372131,1762981337
199,euclidean,5,5,10,0.19999998807907104,0.19999998807907104,1762981337
200,cosine,5,5,10,0.0,0.3999999761581421,1762981337
200,euclidean,5,5,10,0.19999998807907104,0.7999999523162842,1762981337
201,cosine,5,5,10,0.3999999761581421,1.0,1762981337
201,euclidean,5,5,10,0.19999998807907104,0.19999998807907104,1762981338
202,cosine,5,5,10,0.0,0.19999998807907104,1762981338
202,euclidean,5,5,10,0.19999998807907104,0.5999999642372131,1762981338
203,cosine,5,5,10,0.19999998807907104,0.5999999642372131,1762981338
203,euclidean,5,5,10,0.19999998807907104,0.5999999642372131,1762981338
204,cosine,5,5,10,0.19999998807907104,0.5999999642372131,1762981338
204,euclidean,5,5,10,0.3999999761581421,0.5999999642372131,1762981338
205,cosine,5,5,10,0.19999998807907104,0.5999999642372131,1762981338
205,euclidean,5,5,10,0.3999999761581421,0.5999999642372131,1762981338
206,cosine,5,5,10,0.0,0.0,1762981338
206,euclidean,5,5,10,0.19999998807907104,0.7999999523162842,1762981338
207,cosine,5,5,10,0.3999999761581421,0.7999999523162842,1762981338
207,euclidean,5,5,10,0.19999998807907104,0.5999999642372131,1762981338
208,cosine,5,5,10,0.0,0.3999999761581421,1762981338
208,euclidean,5,5,10,0.0,0.5999999642372131,1762981338
209,cosine,5,5,10,0.19999998807907104,0.19999998807907104,1762981338
209,euclidean,5,5,10,0.19999998807907104,0.19999998807907104,1762981338
210,cosine,5,5,10,0.19999998807907104,0.5999999642372131,1762981338
210,euclidean,5,5,10,0.19999998807907104,0.5999999642372131,1762981338
211,cosine,5,5,10,0.19999998807907104,0.3999999761581421,1762981338
211,euclidean,5,5,10,0.3999999761581421,0.7999999523162842,1762981338
212,cosine,5,5,10,0.19999998807907104,0.3999999761581421,1762981338
212,euclidean,5,5,10,0.3999999761581421,0.5999999642372131,1762981338
213,cosine,5,5,10,0.3999999761581421,0.7999999523162842,1762981338
213,euclidean,5,5,10,0.19999998807907104,0.19999998807907104,1762981338
214,cosine,5,5,10,0.19999998807907104,0.19999998807907104,1762981338
214,euclidean,5,5,10,0.3999999761581421,0.7999999523162842,1762981338
215,cosine,5,5,10,0.3999999761581421,0.3999999761581421,1762981338
215,euclidean,5,5,10,0.19999998807907104,0.3999999761581421,1762981338
216,cosine,5,5,10,0.19999998807907104,0.19999998807907104,1762981338
216,euclidean,5,5,10,0.19999998807907104,0.5999999642372131,1762981338
217,cosine,5,5,10,0.19999998807907104,0.7999999523162842,1762981339
217,euclidean,5,5,10,0.3999999761581421,0.5999999642372131,1762981339
218,cosine,5,5,10,0.0,0.5999999642372131,1762981339
218,euclidean,5,5,10,0.3999999761581421,0.5999999642372131,1762981339
219,cosine,5,5,10,0.0,0.5999999642372131,1762981339
219,euclidean,5,5,10,0.19999998807907104,0.19999998807907104,1762981339
220,cosine,5,5,10,0.3999999761581421,0.3999999761581421,1762981339
220,euclidean,5,5,10,0.3999999761581421,0.7999999523162842,1762981339
221,cosine,5,5,10,0.19999998807907104,0.19999998807907104,1762981339
221,euclidean,5,5,10,0.3999999761581421,0.5999999642372131,1762981339
222,cosine,5,5,10,0.3999999761581421,0.5999999642372131,1762981339
222,euclidean,5,5,10,0.19999998807907104,0.5999999642372131,1762981339
223,cosine,5,5,10,0.19999998807907104,0.5999999642372131,1762981339
223,euclidean,5,5,10,0.19999998807907104,0.7999999523162842,1762981339
224,cosine,5,5,10,0.3999999761581421,0.5999999642372131,1762981339
224,euclidean,5,5,10,0.19999998807907104,0.7999999523162842,1762981339
225,cosine,5,5,10,0.19999998807907104,0.3999999761581421,1762981339
225,euclidean,5,5,10,0.3999999761581421,0.5999999642372131,1762981339
226,cosine,5,5,10,0.19999998807907104,0.19999998807907104,1762981339
226,euclidean,5,5,10,0.3999999761581421,0.3999999761581421,1762981339
227,cosine,5,5,10,0.3999999761581421,0.7999999523162842,1762981339
227,euclidean,5,5,10,0.0,0.5999999642372131,1762981339
228,cosine,5,5,10,0.19999998807907104,0.5999999642372131,1762981339
228,euclidean,5,5,10,0.19999998807907104,0.7999999523162842,1762981339
229,cosine,5,5,10,0.0,0.3999999761581421,1762981339
229,euclidean,5,5,10,0.19999998807907104,0.19999998807907104,1762981339
230,cosine,5,5,10,0.19999998807907104,0.7999999523162842,1762981339
230,euclidean,5,5,10,0.3999999761581421,0.3999999761581421,1762981339
231,cosine,5,5,10,0.3999999761581421,0.7999999523162842,1762981339
231,euclidean,5,5,10,0.19999998807907104,0.19999998807907104,1762981339
232,cosine,5,5,10,0.19999998807907104,0.7999999523162842,1762981339
232,euclidean,5,5,10,0.19999998807907104,0.7999999523162842,1762981339
233,cosine,5,5,10,0.0,0.3999999761581421,1762981340
233,euclidean,5,5,10,0.19999998807907104,0.5999999642372131,1762981340
234,cosine,5,5,10,0.19999998807907104,0.19999998807907104,1762981340
234,euclidean,5,5,10,0.19999998807907104,0.3999999761581421,1762981340
235,cosine,5,5,10,0.19999998807907104,0.5999999642372131,1762981340
235,euclidean,5,5,10,0.0,0.5999999642372131,1762981340
236,cosine,5,5,10,0.3999999761581421,0.7999999523162842,1762981340
236,euclidean,5,5,10,0.3999999761581421,0.5999999642372131,1762981340
237,cosine,5,5,10,0.19999998807907104,0.7999999523162842,1762981340
237,euclidean,5,5,10,0.19999998807907104,0.19999998807907104,1762981340
238,cosine,5,5,10,0.3999999761581421,0.3999999761581421,1762981340
238,euclidean,5,5,10,0.19999998807907104,0.19999998807907104,1762981340
239,cosine,5,5,10,0.19999998807907104,0.5999999642372131,1762981340
239,euclidean,5,5,10,0.19999998807907104,0.5999999642372131,1762981340
240,cosine,5,5,10,0.19999998807907104,0.5999999642372131,1762981340
240,euclidean,5,5,10,0.3999999761581421,0.7999999523162842,1762981340
241,cosine,5,5,10,0.3999999761581421,0.5999999642372131,1762981340
241,euclidean,5,5,10,0.19999998807907104,0.3999999761581421,1762981340
242,cosine,5,5,10,0.19999998807907104,0.5999999642372131,1762981340
242,euclidean,5,5,10,0.19999998807907104,0.5999999642372131,1762981340
243,cosine,5,5,10,0.19999998807907104,0.19999998807907104,1762981340
243,euclidean,5,5,10,0.3999999761581421,0.7999999523162842,1762981340
244,cosine,5,5,10,0.3999999761581421,0.7999999523162842,1762981340
244,euclidean,5,5,10,0.3999999761581421,0.7999999523162842,1762981340
245,cosine,5,5,10,0.19999998807907104,0.7999999523162842,1762981340
245,euclidean,5,5,10,0.3999999761581421,0.7999999523162842,1762981340
246,cosine,5,5,10,0.19999998807907104,0.5999999642372131,1762981340
246,euclidean,5,5,10,0.19999998807907104,0.5999999642372131,1762981340
247,cosine,5,5,10,0.3999999761581421,0.5999999642372131,1762981340
247,euclidean,5,5,10,0.19999998807907104,0.3999999761581421,1762981340
248,cosine,5,5,10,0.19999998807907104,0.5999999642372131,1762981340
248,euclidean,5,5,10,0.19999998807907104,0.7999999523162842,1762981341
249,cosine,5,5,10,0.19999998807907104,0.19999998807907104,1762981341
249,euclidean,5,5,10,0.19999998807907104,0.19999998807907104,1762981341
250,cosine,5,5,10,0.3999999761581421,0.5999999642372131,1762981341
250,euclidean,5,5,10,0.19999998807907104,0.5999999642372131,1762981341
251,cosine,5,5,10,0.3999999761581421,0.7999999523162842,1762981341
251,euclidean,5,5,10,0.19999998807907104,0.3999999761581421,1762981341
252,cosine,5,5,10,0.19999998807907104,0.19999998807907104,1762981341
252,euclidean,5,5,10,0.19999998807907104,0.7999999523162842,1762981341
253,cosine,5,5,10,0.3999999761581421,0.3999999761581421,1762981341
253,euclidean,5,5,10,0.3999999761581421,0.5999999642372131,1762981341
254,cosine,5,5,10,0.19999998807907104,0.19999998807907104,1762981341
254,euclidean,5,5,10,0.3999999761581421,0.5999999642372131,1762981341
255,cosine,5,5,10,0.19999998807907104,0.19999998807907104,1762981341
255,euclidean,5,5,10,0.19999998807907104,0.7999999523162842,1762981341
256,cosine,5,5,10,0.0,0.3999999761581421,1762981341
256,euclidean,5,5,10,0.3999999761581421,0.3999999761581421,1762981341
257,cosine,5,5,10,0.19999998807907104,0.19999998807907104,1762981341
257,euclidean,5,5,10,0.3999999761581421,0.5999999642372131,1762981341
258,cosine,5,5,10,0.19999998807907104,0.19999998807907104,1762981341
258,euclidean,5,5,10,0.0,0.0,1762981341
259,cosine,5,5,10,0.0,0.19999998807907104,1762981341
259,euclidean,5,5,10,0.3999999761581421,0.5999999642372131,1762981341
260,cosine,5,5,10,0.19999998807907104,0.19999998807907104,1762981341
260,euclidean,5,5,10,0.3999999761581421,0.3999999761581421,1762981341
261,cosine,5,5,10,0.19999998807907104,0.7999999523162842,1762981341
261,euclidean,5,5,10,0.3999999761581421,0.7999999523162842,1762981341
262,cosine,5,5,10,0.19999998807907104,0.5999999642372131,1762981341
262,euclidean,5,5,10,0.19999998807907104,0.5999999642372131,1762981341
263,cosine,5,5,10,0.19999998807907104,0.3999999761581421,1762981341
263,euclidean,5,5,10,0.19999998807907104,0.3999999761581421,1762981342
264,cosine,5,5,10,0.19999998807907104,0.7999999523162842,1762981342
264,euclidean,5,5,10,0.3999999761581421,0.5999999642372131,1762981342
265,cosine,5,5,10,0.0,0.7999999523162842,1762981342
265,euclidean,5,5,10,0.3999999761581421,0.7999999523162842,1762981342
266,cosine,5,5,10,0.19999998807907104,0.3999999761581421,1762981342
266,euclidean,5,5,10,0.0,0.0,1762981342
267,cosine,5,5,10,0.3999999761581421,0.5999999642372131,1762981342
267,euclidean,5,5,10,0.3999999761581421,0.5999999642372131,1762981342
268,cosine,5,5,10,0.3999999761581421,0.3999999761581421,1762981342
268,euclidean,5,5,10,0.19999998807907104,0.19999998807907104,1762981342
269,cosine,5,5,10,0.3999999761581421,0.5999999642372131,1762981342
269,euclidean,5,5,10,0.3999999761581421,0.7999999523162842,1762981342
270,cosine,5,5,10,0.19999998807907104,0.7999999523162842,1762981342
270,euclidean,5,5,10,0.0,0.5999999642372131,1762981342
271,cosine,5,5,10,0.19999998807907104,0.5999999642372131,1762981342
271,euclidean,5,5,10,0.3999999761581421,0.7999999523162842,1762981342
272,cosine,5,5,10,0.0,0.3999999761581421,1762981342
272,euclidean,5,5,10,0.3999999761581421,0.7999999523162842,1762981342
273,cosine,5,5,10,0.0,0.3999999761581421,1762981342
273,euclidean,5,5,10,0.3999999761581421,0.7999999523162842,1762981342
274,cosine,5,5,10,0.19999998807907104,0.3999999761581421,1762981342
274,euclidean,5,5,10,0.19999998807907104,0.5999999642372131,1762981342
275,cosine,5,5,10,0.3999999761581421,0.5999999642372131,1762981342
275,euclidean,5,5,10,0.19999998807907104,0.5999999642372131,1762981342
276,cosine,5,5,10,0.3999999761581421,0.5999999642372131,1762981342
276,euclidean,5,5,10,0.19999998807907104,0.5999999642372131,1762981342
277,cosine,5,5,10,0.19999998807907104,0.19999998807907104,1762981342
277,euclidean,5,5,10,0.19999998807907104,0.3999999761581421,1762981343
278,cosine,5,5,10,0.0,0.5999999642372131,1762981343
278,euclidean,5,5,10,0.19999998807907104,0.7999999523162842,1762981343
279,cosine,5,5,10,0.19999998807907104,0.5999999642372131,1762981343
279,euclidean,5,5,10,0.19999998807907104,0.7999999523162842,1762981343
280,cosine,5,5,10,0.19999998807907104,0.5999999642372131,1762981343
280,euclidean,5,5,10,0.0,0.3999999761581421,1762981343
281,cosine,5,5,10,0.19999998807907104,0.5999999642372131,1762981343
281,euclidean,5,5,10,0.3999999761581421,0.3999999761581421,1762981343
282,cosine,5,5,10,0.3999999761581421,0.7999999523162842,1762981343
282,euclidean,5,5,10,0.19999998807907104,0.3999999761581421,1762981343
283,cosine,5,5,10,0.19999998807907104,0.5999999642372131,1762981343
283,euclidean,5,5,10,0.3999999761581421,0.7999999523162842,1762981343
284,cosine,5,5,10,0.19999998807907104,0.19999998807907104,1762981343
284,euclidean,5,5,10,0.19999998807907104,0.19999998807907104,1762981343
285,cosine,5,5,10,0.19999998807907104,1.0,1762981343
285,euclidean,5,5,10,0.19999998807907104,0.7999999523162842,1762981343
286,cosine,5,5,10,0.19999998807907104,0.5999999642372131,1762981343
286,euclidean,5,5,10,0.19999998807907104,0.3999999761581421,1762981343
287,cosine,5,5,10,0.19999998807907104,0.5999999642372131,1762981343
287,euclidean,5,5,10,0.3999999761581421,0.3999999761581421,1762981343
288,cosine,5,5,10,0.19999998807907104,0.3999999761581421,1762981343
288,euclidean,5,5,10,0.0,0.5999999642372131,1762981343
289,cosine,5,5,10,0.19999998807907104,0.5999999642372131,1762981343
289,euclidean,5,5,10,0.19999998807907104,0.7999999523162842,1762981343
290,cosine,5,5,10,0.3999999761581421,0.5999999642372131,1762981343
290,euclidean,5,5,10,0.19999998807907104,0.5999999642372131,1762981343
291,cosine,5,5,10,0.19999998807907104,0.5999999642372131,1762981343
291,euclidean,5,5,10,0.19999998807907104,0.5999999642372131,1762981343
292,cosine,5,5,10,0.19999998807907104,0.5999999642372131,1762981344
292,euclidean,5,5,10,0.19999998807907104,0.5999999642372131,1762981344
293,cosine,5,5,10,0.19999998807907104,0.3999999761581421,1762981344
293,euclidean,5,5,10,0.19999998807907104,0.7999999523162842,1762981344
294,cosine,5,5,10,0.0,0.19999998807907104,1762981344
294,euclidean,5,5,10,0.19999998807907104,0.5999999642372131,1762981344
295,cosine,5,5,10,0.19999998807907104,0.3999999761581421,1762981344
295,euclidean,5,5,10,0.0,0.3999999761581421,1762981344
296,cosine,5,5,10,0.0,0.3999999761581421,1762981344
296,euclidean,5,5,10,0.3999999761581421,0.5999999642372131,1762981344
297,cosine,5,5,10,0.3999999761581421,0.5999999642372131,1762981344
297,euclidean,5,5,10,0.0,0.19999998807907104,1762981344
298,cosine,5,5,10,0.19999998807907104,0.3999999761581421,1762981344
298,euclidean,5,5,10,0.19999998807907104,0.19999998807907104,1762981344
299,cosine,5,5,10,0.3999999761581421,0.5999999642372131,1762981344
299,euclidean,5,5,10,0.19999998807907104,0.19999998807907104,1762981344
